ens_name,addr1,addr2
anisofim.eth,0x85e5472752a6f00775faca4d5179bde1081571b0,0xbf886e3069d0dfd64e384c93da322f775faa8876
arisalzberg.eth,0x94e59547b8c68924380c90e729488f3e79ff8d22,0x8977e750a620607f3db83436360ae1bdacb28b82
atearnz.eth,0x5500c014dc83d18c60858195b42f2e61f877323e,0x29d8bf1894fb077edcd5a6ee8ed475b6aed5dbb4
awedjob.eth,0xc939519869c946e4bdca8fd0b6459048c4aebae2,0xe1eedbd1e08478707c794e7e8b1ee623f5fa6d64
captvicky.eth,0x33e51a1141c44cc8bcb9b50c4a3c7ab59f4cf68c,0x42b21ca9cc96d0f71ed2533b33d659207a88f784
disruptor.eth,0xb84914f420b6de809ac1ed3d4427d90ed596b41c,0x50839a40d9d7ea49e2c6fd76ee9d184524e4c072
dragonkiller.eth,0x4fdafeadb7c2f127e3c1719a99c01680cc8ddab1,0xffca46238dd656de99ac616da099dcb6dfb0f2f4
eibriel.eth,0x05c351382db8d770207f319d96ac1184c3717ede,0xcf10cd8b5dc2323b1eb6de6164647756bad4de4d
epdrabbit.eth,0x26846c9083c4ab525de593178e3f2f82afb8ba83,0x0786a24145fef2c60a38237e8671332899ce7c1f
erikarand.eth,0xe005c90eb8b38938cfe722e7069118414145709b,0xd9c0e1af68d08c8c00d418431e8c036662a82e37
hyperspek.eth,0x5c4fe960950ba0e09a72869c3d51fe70f07580e0,0x7e97e648b6576187f1a4a03b194cbfd4ee76f543
jamesmillerblog.eth,0x38a66799f30e7b2b0e7095a141aca56dd6f4f7c8,0x3d68fb85f7965b5843275582866c33f8ee68f7fe
jasonhsu.eth,0x1a26db1b2baf0b23f18e19375e8fdc159feb707e,0x33321e44c2861033fb80ad04f93e4ccd25f2beef
joeyz.eth,0x250fbb28b2cd0a9faadc2d8a1d1c72f69163ac29,0xc0a527d87baf6f288074df53dd0fbba575e7547e
keastie.eth,0x84ab65f45d3f8067f8bbff80f2248cd1ab4d96be,0x9c1bbcc03b59e78410de1d0ba9305082fedad3bb
linkg.eth,0x580bb63d47242964fa5fe9e69c5eb5423b7a50d2,0x7bd544f07afa4284a696dc71e7a03f680dca0543
lulox.eth,0xe2beae512697913951cdd85db49545b077a90699,0xfbd9ca40386a8c632cf0529bbb16b4bedb59a0a0
maruudn.eth,0xe2cfeab2beba9a7f09fd981f13e84df1e9978a5e,0xf3595731c00c1afafdc65eee239d89512d552558
maryana.eth,0x370f859a2f31d40192e1879eb97d64e6459bc8e4,0x9937e3e274be96a624d7cd00f384eb71c741dd1b
meanboss.eth,0x974c1cb84f439826c100b20063c24d72226fd4a8,0x9dbe3cfc34867cfb988af5ef8396bc6b08afcbb8
metatiger.dcl.eth,0x05d460310a2d785d0bd5b586c8f6402e70366fae,0x4f7fe261619141ffa63fefee35bba886581292f4
mgdivingnz.eth,0x1e84c5351ad32ed179c14ed4f015748c417841a6,0xab70dee6c44b432bde1d77477eca6e5f0adbfebb
mrcryp.eth,0xed41aa4abb256b13f02b87cd66a39ddc7a6c9a22,0x500cf9f39d4b202a6bb81c5ace06cd0fe86e0fb7
nicebhaiya.eth,0xe104414bf575f943e7f94e55e7f59ed086035af4,0xf5a134fdb640d5398c3bfdc3343a74f39ae93b7a
niceguy.eth,0x5528bc911d6bc284cf4da89560534508e7638de4,0x369359b5ae4d7fbbf0512f675157b6ac14bd1d67
ornellaweb3.eth,0x2d84cfb9cba0e8e4d7511a88cb7102a984fdb0ba,0xb749a586080436e616f097f193ba9cb6a25e7ea6
pinkboots.eth,0xa5dbd5f2f45cec05ace6c08f0b75bec711ea9517,0xf1289a44a9e7f75809de380ffa261f6095387c72
remx.eth,0x6401f5b9f88c489495fb95ba7aa4276a353bebb8,0x8d980b3f2f25e84bde1d1f3446c0292642efed13
rileybeans.eth,0x54a80e0417008db88036f4fb2c4646264717f7a6,0x7ee19419ca947821158bb4cc0952c3b58c8293be
robertjames.eth,0xa65da49bb89ec7b1a10f3887ae07e4c9c8eea168,0xf8efa4a66f933343d21885a3ace47ee5cb893e36
rsantos.eth,0x08a2f4a84a06a0331b015bd1320ed20e1a9be688,0xcad4f4417ed241bfb0061c6e9d572a3e12159549
sannin.eth,0x4bcfb57149dd1e8ec510bc2cc490bc4c43c7af8f,0x613e052555ac74ff6af0fc64e40e8035c1e9dcf8
smileface.eth,0x32712bb04948da01d11c9aa6b3e77daeda014781,0x8008e08e1f5f693ff02b37b17756ad75afa308c4
theartcollection.eth,0x1094ee0c78b81581c8c8ea34bc2eec8a4bd20756,0x1d56a24b684da7f21e9566e1c8a7cb40483e1078
turkii13.eth,0x325a0fa68fc381be451f57d6be7f84da206427fd,0x53fd90aa13b85168d46ada899b820ec595c852b6
tweetious.eth,0x8b104344f397afc33ee55c743a0fbd7d956201cd,0x8665f7ceadfbff09e2cc572f7a6e43198d87ff88
willg.eth,0x493df7506210e55a893d70e61d812d824ca1c489,0xea904e4dc48bf280e811f496906ed84cf6a4ba4c
wpunks.eth,0x7938d79352ef0f58cd2058f930629928ae74b790,0xa1dc71c8d20e0c8b108a85a6baea140603e9e6a8
zolder.eth,0x11610d0bf661d3ccbb9493cf23184f68ecfe4783,0xc0f00ca06f9fcd172edad8a0e5d106d55432aa92
