,hash,from,to,timeStamp,nonce,value,gasPrice,input,gasUsed,functionName,chainName,tokenName,tokenType,isSet,userAddress,contractAddress,pool
0,0xab9112a0bfd7ee489f32ad2eace95cd9111da909100800c8ac67c544fb1b9c5d,0x007f44362400de9f364efa919ff84c6ea9e210d5,0x12d66f87a04a9e220743712ce6d9bb1b5616b8fc,1597667681,171.0,1e+17,112000000000,0xb214faa52606de7c18da92872e783b4cf27c757334ca88c92abae7676463f282dab2b2e3,966887,deposit(bytes32 _id),Ethereum,Ether,native,from,0x007f44362400de9f364efa919ff84c6ea9e210d5,0x12d66f87a04a9e220743712ce6d9bb1b5616b8fc,0.1 Eth
1,0xb96895d541a818232300808230ff202f8e1217609f101b519415c77b95cc02d6,0x1dd5df3b2d78271039f3dc39eb9350ecc31ca9dc,0x12d66f87a04a9e220743712ce6d9bb1b5616b8fc,1605348173,39.0,1e+17,23000000000,0xb214faa50bf6fe5e24e3223b7e2cec17a028597694c1d34864ed7dfc36c98c9f0b64234b,978703,deposit(bytes32 _id),Ethereum,Ether,native,from,0x1dd5df3b2d78271039f3dc39eb9350ecc31ca9dc,0x12d66f87a04a9e220743712ce6d9bb1b5616b8fc,0.1 Eth
2,0x282777a6664cf1d9d3f1695bed549f7a62ec57411350826738b0d2299631678b,0x1ec594a869dc67d78fabc33963d3c6a0ab017dd6,0x12d66f87a04a9e220743712ce6d9bb1b5616b8fc,1602676051,827.0,1e+17,33000000000,0xb214faa512dd5f64b38ff2414a7e7cf5219e5ff98ec6a2dceb6c241505135c48f9103005,978703,deposit(bytes32 _id),Ethereum,Ether,native,from,0x1ec594a869dc67d78fabc33963d3c6a0ab017dd6,0x12d66f87a04a9e220743712ce6d9bb1b5616b8fc,0.1 Eth
3,0xc880becfb7f3a939765f1cb650cd7b624cdb0a046a22ebae547f1fe57676e95a,0x2fef65e4d69a38bf0dd074079f367cdf176ec0de,0x12d66f87a04a9e220743712ce6d9bb1b5616b8fc,1603804997,7601.0,1e+17,45000000000,0xb214faa50205af153fb0c6e1818a2e396450ed9baf141f04f222984f4c8c5ed92aa64a3c,972795,deposit(bytes32 _id),Ethereum,Ether,native,from,0x2fef65e4d69a38bf0dd074079f367cdf176ec0de,0x12d66f87a04a9e220743712ce6d9bb1b5616b8fc,0.1 Eth
4,0xd9eeeec262897f88c4323013ca927cb3cb94e7f22347fad8cc05778b050c1598,0x30602250c5f1fcba5407e99b1dfaab992ea4ffd2,0x12d66f87a04a9e220743712ce6d9bb1b5616b8fc,1583900510,4830.0,1e+17,13000000000,0xb214faa5068a8346b266fcdfd7a9830a2409eac71681829262a399eb07e03e33208a3087,984611,deposit(bytes32 _id),Ethereum,Ether,native,from,0x30602250c5f1fcba5407e99b1dfaab992ea4ffd2,0x12d66f87a04a9e220743712ce6d9bb1b5616b8fc,0.1 Eth
5,0xe1b0d9c096723eb72a7ad3a2d2f6a4fc8e9c9cb6d7dc71c595ab79f101a9cbe8,0x31e99699bccde902afc7c4b6b23bb322b8459d22,0x12d66f87a04a9e220743712ce6d9bb1b5616b8fc,1602693149,1294.0,1e+17,80000000000,0xb214faa5115693f6cd031931d0bea21efe691d860209c1570e6629c9a891eafff93fb46c,972795,deposit(bytes32 _id),Ethereum,Ether,native,from,0x31e99699bccde902afc7c4b6b23bb322b8459d22,0x12d66f87a04a9e220743712ce6d9bb1b5616b8fc,0.1 Eth
6,0xd88e5b227cfc5713cb5279c3309c54d0f1fe3c963a08d90c83b04d7deb09f38f,0x3993996b09949bba655d98c02c87ea6abf553630,0x12d66f87a04a9e220743712ce6d9bb1b5616b8fc,1577719136,109.0,1e+17,13000000000,0xb214faa51bf5562eef1cfc39894ce276568ac83fcbecb3f2df10027a41719db07767881c,972795,deposit(bytes32 _id),Ethereum,Ether,native,from,0x3993996b09949bba655d98c02c87ea6abf553630,0x12d66f87a04a9e220743712ce6d9bb1b5616b8fc,0.1 Eth
7,0x3ea94154fc64be56e22d5a4c46a76fcfe81134121265d19aa675d243db0522a2,0x5eecd33c915a1836dcf31954b0ef2aa664a8b6a8,0x12d66f87a04a9e220743712ce6d9bb1b5616b8fc,1580147944,291.0,1e+17,3000000000,0xb214faa5165eb7eb0e3871469c77239a89ee61acddd0ecf820d3b03dc3d77c8104ecf768,966887,deposit(bytes32 _id),Ethereum,Ether,native,from,0x5eecd33c915a1836dcf31954b0ef2aa664a8b6a8,0x12d66f87a04a9e220743712ce6d9bb1b5616b8fc,0.1 Eth
8,0x9b67f7a476e6b9bbecc2c72adea01db46103626463649fd3e975192f9abec3fc,0x62051bfd3a4f7039a849142e6e5ea172cbda5949,0x12d66f87a04a9e220743712ce6d9bb1b5616b8fc,1583559176,116.0,0.0,5000000000,0x,21000,,Ethereum,Ether,native,from,0x62051bfd3a4f7039a849142e6e5ea172cbda5949,0x12d66f87a04a9e220743712ce6d9bb1b5616b8fc,0.1 Eth
9,0x062416c81cb0d91580b9477c03c838f9fb1da5922d4794455f683d1a53a1ff82,0x62051bfd3a4f7039a849142e6e5ea172cbda5949,0x12d66f87a04a9e220743712ce6d9bb1b5616b8fc,1583559351,117.0,0.0,50000000000,0x,21000,,Ethereum,Ether,native,from,0x62051bfd3a4f7039a849142e6e5ea172cbda5949,0x12d66f87a04a9e220743712ce6d9bb1b5616b8fc,0.1 Eth
10,0x312909c1c18daa4fb6dd99e28239d21d00600722d090a482981b00dd93c63421,0x66b9bd3a9f0d44121533f88c94d4e35213222917,0x12d66f87a04a9e220743712ce6d9bb1b5616b8fc,1602889511,349.0,1e+17,31000000000,0xb214faa5034773ed06091a5fdcd3e1fa62e11ad2ce0a44d5835f26525dbe7d9923fbf92a,972795,deposit(bytes32 _id),Ethereum,Ether,native,from,0x66b9bd3a9f0d44121533f88c94d4e35213222917,0x12d66f87a04a9e220743712ce6d9bb1b5616b8fc,0.1 Eth
11,0x990cc8d383eadc0d7a550940314a252226cb4f615ca61774ad3d90011ce268fd,0x68d36dcbdd7bbf206e27134f28103abe7cf972df,0x12d66f87a04a9e220743712ce6d9bb1b5616b8fc,1581139719,3819.0,1e+17,1010000000,0xb214faa50bbf06b7cc7a0b1db5ba2255a64632117ed4662209656f08b53b00cad143abbc,972783,deposit(bytes32 _id),Ethereum,Ether,native,from,0x68d36dcbdd7bbf206e27134f28103abe7cf972df,0x12d66f87a04a9e220743712ce6d9bb1b5616b8fc,0.1 Eth
12,0xba54ffcabbc6445c18c5a4485c9e7532b83b6bdb9b28fe3fbb490dd09aaf6b51,0x68d36dcbdd7bbf206e27134f28103abe7cf972df,0x12d66f87a04a9e220743712ce6d9bb1b5616b8fc,1582917849,3840.0,1e+17,1010000000,0xb214faa51d56d27557bd29bce27263171f9c8efa5948af68c5870ae4a88c367b12948107,972795,deposit(bytes32 _id),Ethereum,Ether,native,from,0x68d36dcbdd7bbf206e27134f28103abe7cf972df,0x12d66f87a04a9e220743712ce6d9bb1b5616b8fc,0.1 Eth
13,0x1f4b16e30e6802829106558c74ea197d6ea7bee3c043a21515a12ddedefad498,0x68d36dcbdd7bbf206e27134f28103abe7cf972df,0x12d66f87a04a9e220743712ce6d9bb1b5616b8fc,1585100364,4072.0,1e+17,2010000000,0xb214faa51bbc72020a1145bebe59facaa80e4324d50b6d32667f09afeec586a4ecb825f4,966887,deposit(bytes32 _id),Ethereum,Ether,native,from,0x68d36dcbdd7bbf206e27134f28103abe7cf972df,0x12d66f87a04a9e220743712ce6d9bb1b5616b8fc,0.1 Eth
14,0xd3e0b11ae1c5a100a9fd6caa6ae72b9bc77edd21b3ec7ed7c5c848b3f13a7128,0x7205a1b9c5cf6494ba2ceb5adcca831c05536912,0x12d66f87a04a9e220743712ce6d9bb1b5616b8fc,1594078522,2363.0,1e+17,26000000000,0xb214faa52c01b71c0cdd7b88619028e02a83a149d3b1ca62c96d451b0db594a2bb900f2d,966887,deposit(bytes32 _id),Ethereum,Ether,native,from,0x7205a1b9c5cf6494ba2ceb5adcca831c05536912,0x12d66f87a04a9e220743712ce6d9bb1b5616b8fc,0.1 Eth
15,0x2f14aa9fa91a6adc00adb9c7346b95ac74a1317e62c52038ee9248954f00e13b,0x7205a1b9c5cf6494ba2ceb5adcca831c05536912,0x12d66f87a04a9e220743712ce6d9bb1b5616b8fc,1594078522,2364.0,1e+17,26000000000,0xb214faa507615ae489af0dcc5fa49251405aaa48989528faf7be07f349e64109259767c1,960979,deposit(bytes32 _id),Ethereum,Ether,native,from,0x7205a1b9c5cf6494ba2ceb5adcca831c05536912,0x12d66f87a04a9e220743712ce6d9bb1b5616b8fc,0.1 Eth
16,0x37d1941e2dfe9a75a6ad68871cf62e686376e2a8b3c2c3b6ec5e3787afe936fc,0x7205a1b9c5cf6494ba2ceb5adcca831c05536912,0x12d66f87a04a9e220743712ce6d9bb1b5616b8fc,1594078575,2365.0,1e+17,26000000000,0xb214faa505c0ae41621f060787c333759d22aef194016356bdb91d1bc647beec0d6b79b1,978703,deposit(bytes32 _id),Ethereum,Ether,native,from,0x7205a1b9c5cf6494ba2ceb5adcca831c05536912,0x12d66f87a04a9e220743712ce6d9bb1b5616b8fc,0.1 Eth
17,0x320469697be2de853cf185b8b18ba914a65d8ebf622922f51543ecff9de38511,0x7ab874eeef0169ada0d225e9801a3ffffa26aac3,0x12d66f87a04a9e220743712ce6d9bb1b5616b8fc,1578322884,107.0,1e+17,13000000000,0xb214faa516f09c35fe9163e364c72d1a374e7c2819a87c8457032e6797f5e03119aa097c,978703,deposit(bytes32 _id),Ethereum,Ether,native,from,0x7ab874eeef0169ada0d225e9801a3ffffa26aac3,0x12d66f87a04a9e220743712ce6d9bb1b5616b8fc,0.1 Eth
18,0xe03459be3b41d661c534aadd88962bab1a71f29a2991c9fb31c8fa7afbcaddd3,0x7ab874eeef0169ada0d225e9801a3ffffa26aac3,0x12d66f87a04a9e220743712ce6d9bb1b5616b8fc,1578543225,108.0,1e+17,13000000000,0xb214faa502227553920f4bae0f3ecf0e340df1c16d4b1766291c3c7e7960da20916f2607,984611,deposit(bytes32 _id),Ethereum,Ether,native,from,0x7ab874eeef0169ada0d225e9801a3ffffa26aac3,0x12d66f87a04a9e220743712ce6d9bb1b5616b8fc,0.1 Eth
19,0xeb0ab048fb7af55302b7351ff8f82e9496da347aeb20497a77a84874482e28bd,0x7ab874eeef0169ada0d225e9801a3ffffa26aac3,0x12d66f87a04a9e220743712ce6d9bb1b5616b8fc,1579197308,110.0,1e+17,11000000000,0xb214faa50e65a3dcde00e7040735946c17e22be3a2de94dc8b6c10179ed4f901601001ea,966875,deposit(bytes32 _id),Ethereum,Ether,native,from,0x7ab874eeef0169ada0d225e9801a3ffffa26aac3,0x12d66f87a04a9e220743712ce6d9bb1b5616b8fc,0.1 Eth
20,0xb6008e01aa893954dc121d8dba8cabdf4c9e8c8929fc6a844d9777647894efab,0x7ab874eeef0169ada0d225e9801a3ffffa26aac3,0x12d66f87a04a9e220743712ce6d9bb1b5616b8fc,1579666041,111.0,1e+17,10000000000,0xb214faa522d9fd95d1fc08d7c1c97118d492b59c9bad526494bbb44dd8cda67e1cdcc61d,978703,deposit(bytes32 _id),Ethereum,Ether,native,from,0x7ab874eeef0169ada0d225e9801a3ffffa26aac3,0x12d66f87a04a9e220743712ce6d9bb1b5616b8fc,0.1 Eth
21,0x59369848c50373cfe2cbd76011cc822dce700898287bc4c2c0eac552617b20e7,0x95606705b7452e96a9e88901ee418ef4e3d19847,0x12d66f87a04a9e220743712ce6d9bb1b5616b8fc,1589099636,211.0,1e+17,10010000000,0xb214faa50a1295f6db6e62f343189f4dd90f354d0e25d27174db6136f1268f3cb3cc3ff3,972795,deposit(bytes32 _id),Ethereum,Ether,native,from,0x95606705b7452e96a9e88901ee418ef4e3d19847,0x12d66f87a04a9e220743712ce6d9bb1b5616b8fc,0.1 Eth
22,0xc4484d4887f50583ffd9b6e134dac0dd54573c1956f72e8f2eb61e1f08f09240,0xa7960c9f044194b18af5fb4631f4ca72d8c924a6,0x12d66f87a04a9e220743712ce6d9bb1b5616b8fc,1578153315,398.0,1e+17,13000000000,0xb214faa5264971c50ea82fa37f6fe354f54b72ef45fce281538ad647751c9ac82f3d2778,978703,deposit(bytes32 _id),Ethereum,Ether,native,from,0xa7960c9f044194b18af5fb4631f4ca72d8c924a6,0x12d66f87a04a9e220743712ce6d9bb1b5616b8fc,0.1 Eth
23,0x25e77a0adcad632a1f355ed1da81a3b84abef96e7d32642d446f73b89cefe278,0xa7d65cd81f3631b9823a511a7f4bdddf081945f7,0x12d66f87a04a9e220743712ce6d9bb1b5616b8fc,1578505427,1220.0,1e+17,1000000000,0xb214faa50e948afd8619a66e7889707fea2d8a2e8664e8c35c062178f011b9fb9e138d29,972795,deposit(bytes32 _id),Ethereum,Ether,native,from,0xa7d65cd81f3631b9823a511a7f4bdddf081945f7,0x12d66f87a04a9e220743712ce6d9bb1b5616b8fc,0.1 Eth
24,0xc070cdd7450633c1979ec43d7dd10b5511bb3dba93e73b84c279ef676a8c2c1d,0xb0145ae156d201d6e371d07265fe3c045071c967,0x12d66f87a04a9e220743712ce6d9bb1b5616b8fc,1600820548,156.0,1e+17,62000000000,0xb214faa52c4b41d5d3b8cc99d88d4db7fdd49d4174647e53477105c4aca5f61f6bbccee1,960979,deposit(bytes32 _id),Ethereum,Ether,native,from,0xb0145ae156d201d6e371d07265fe3c045071c967,0x12d66f87a04a9e220743712ce6d9bb1b5616b8fc,0.1 Eth
25,0x20d4b346254316ccd35beed91ed36e9c5fae81b4915fd3fe93da9ad19560e643,0xc0c16e7240f6fed4abedfedc66014031521807e7,0x12d66f87a04a9e220743712ce6d9bb1b5616b8fc,1604932253,148.0,1e+17,39000000000,0xb214faa510f9a9adf9c506e014742b7f0f2ef94f9710fc446935dc1a06216a58bda1eaa3,960979,deposit(bytes32 _id),Ethereum,Ether,native,from,0xc0c16e7240f6fed4abedfedc66014031521807e7,0x12d66f87a04a9e220743712ce6d9bb1b5616b8fc,0.1 Eth
26,0x37a8dfdcfa88adf317119d2c81a22b9cae9b6e2c7c7a3cd2252c3c9170498e59,0xc0e7dc00d7b898c5318a402873d0dd75eb217d2e,0x12d66f87a04a9e220743712ce6d9bb1b5616b8fc,1607298385,31.0,1e+17,25000000000,0xb214faa52aa70cca9525d36068a410bbeb37705bb130c6b84bb1cb1745df7b284cae60cd,960979,deposit(bytes32 _id),Ethereum,Ether,native,from,0xc0e7dc00d7b898c5318a402873d0dd75eb217d2e,0x12d66f87a04a9e220743712ce6d9bb1b5616b8fc,0.1 Eth
27,0xbc7aeb5e1bf47b52c17343235f0889cb5994bb18f4f749996d9791b16f9006c9,0xc66fc68835457119922407d84a9f2f6fda889978,0x12d66f87a04a9e220743712ce6d9bb1b5616b8fc,1584526395,4.0,0.0,5060966543,0x21a0adb600000000000000000000000000000000000000000000000000000000000000e00186e23c5facb1cf47e96bb20c316e2fdc649bd9694ee64a60d14d982e1fb2151ca0fae5ebf05d8acb03466be0135c3338d3c5d4fe522539bcb63a86622adcf80000000000000000000000009fe833bb9018863a8d06433bd9ebe5a1e26ab1850000000000000000000000009fe833bb9018863a8d06433bd9ebe5a1e26ab1850000000000000000000000000000000000000000000000000000000000000000000000000000000000000000000000000000000000000000000000000000000000000000000000000000000000000000000000000000000000000000000001000fff0e0e4d771dd0d03708c2f543ff32277a137217854d8a8d705a3e77b678ef16225be7da62f82aa4903a9b56ef8ab052b5c6f35a2d9bb03f31eb5ff37dfca2021139a58e1c3e1b1c31110737c7ae5b3396fc75e27cf9390a6c3c52aa0221d120050eab4166b9c53e79d834663db6cb03e2beb46e888424804631c7d0487d531446fa7c35fb2cc61dbfdc6b731916dfea5a560829d7a9313aa81632e1ec62fc02c2cecf1fe62b0ea9440f193a5c3a5dbc57a3fc0e79ce14c272a2c35186c6652def551e5baeb0c6a2639163e31f7f2c11f5c5ed1647000bf8341fe49da5836f005359b7cd322ed220d3739600d8da81eae3875ad99e6a5e8888732e544aa460,348195,"withdraw(bytes _proof, bytes32 _root, bytes32 _nullifierHash, address _recipient, address _relayer, uint256 _fee, uint256 _refund)",Ethereum,Ether,native,from,0xc66fc68835457119922407d84a9f2f6fda889978,0x12d66f87a04a9e220743712ce6d9bb1b5616b8fc,0.1 Eth
28,0xa9e85b43a88a0c956d9b60cba13909a94b4bf3a6ffe97ea6b07f0f642045036b,0xc8cce8cac93a010b02e3b7e4e083b0465b1d36f2,0x12d66f87a04a9e220743712ce6d9bb1b5616b8fc,1580405873,905.0,0.0,1000000000,0x21a0adb600000000000000000000000000000000000000000000000000000000000000e02e9d6a8a0d252f96dc42e05273415a8f125d8eb7081c3f5587bf438527d013591a8d5cd659bd46d243b10b38d98b78fbd30a1643fa970ef3e43debcfae8159c2000000000000000000000000c8cce8cac93a010b02e3b7e4e083b0465b1d36f2000000000000000000000000c8cce8cac93a010b02e3b7e4e083b0465b1d36f200000000000000000000000000000000000000000000000000000000000000000000000000000000000000000000000000000000000000000000000000000000000000000000000000000000000000000000000000000000000000000000010000a6b87f098255a202b1293280127edae01e615bda88f4c82a26f02d71d9519219a4a1af970f202bd8d747628ece736762a01dd27f2512d58a87f703fc9d9d5a1f7a74af8df14c07d74ec34fec123d5241009ec11d3c59e212c2008702840e7303ad413678b7164804a312e4b15fa03c2a820fe8c0cb2e802f9b7b7ca3f8829400113ca922f2c49fef4881e6e52b1d9cfae974991c1c29c4050aad94ecdf7a3a192442593a5a8f089093289448281b34a788ac2f522af11f1664414a4e558dad0fcb82b846e6c022030125433c6467925d3d0898e206fb69fbd3ca905e82328727dec2733e5e1271fd1121c8b14b28ecf6ff5b03e03654bfec15eeef0aecdcee,323183,"withdraw(bytes _proof, bytes32 _root, bytes32 _nullifierHash, address _recipient, address _relayer, uint256 _fee, uint256 _refund)",Ethereum,Ether,native,from,0xc8cce8cac93a010b02e3b7e4e083b0465b1d36f2,0x12d66f87a04a9e220743712ce6d9bb1b5616b8fc,0.1 Eth
29,0xb2501c45a9b97b62088b3e168bba3f8739068227f2376baf46aa89e2e300fe21,0xc8dc927582a6239265e5c166ebe1923f9ecc9ce6,0x12d66f87a04a9e220743712ce6d9bb1b5616b8fc,1579844147,10.0,1e+17,13000000000,0xb214faa52c90f79a5e72d1a2c8bf2379c2ec989dd9c4d0b990da37aff6b8bbe90207e83e,972795,deposit(bytes32 _id),Ethereum,Ether,native,from,0xc8dc927582a6239265e5c166ebe1923f9ecc9ce6,0x12d66f87a04a9e220743712ce6d9bb1b5616b8fc,0.1 Eth
30,0x55321c68b620761a54d593cc9845da2a09a5d93768673cbd2deda21761735b42,0xec6e6c0841a2ba474e92bf42baf76bfe80e8657c,0x12d66f87a04a9e220743712ce6d9bb1b5616b8fc,1576887363,138.0,1e+17,4973465704,0xb214faa526313a4d3556f021415288331546e346937799df596df549c1f93072094b2e4f,1005519,deposit(bytes32 _id),Ethereum,Ether,native,from,0xec6e6c0841a2ba474e92bf42baf76bfe80e8657c,0x12d66f87a04a9e220743712ce6d9bb1b5616b8fc,0.1 Eth
31,0xc0df40f36d543205be3f7f99d445340fb71267ea1385b8804aa9f63ffcce27c5,0xf9107317b0ff77ed5b7adea15e50514a3564002b,0x12d66f87a04a9e220743712ce6d9bb1b5616b8fc,1579300495,70.0,1e+17,1000000000,0xb214faa525881d20627fa93681b4bff068d30bb1a01b4639782f3590139773cf3e2c7f73,984611,deposit(bytes32 _id),Ethereum,Ether,native,from,0xf9107317b0ff77ed5b7adea15e50514a3564002b,0x12d66f87a04a9e220743712ce6d9bb1b5616b8fc,0.1 Eth
32,0x82fa295072a285646e8766e091badf00dab9df76909417f7e12e22ea19b9327b,0xf9107317b0ff77ed5b7adea15e50514a3564002b,0x12d66f87a04a9e220743712ce6d9bb1b5616b8fc,1593220872,306.0,1e+17,24000000000,0xb214faa50bcf08769436137ae0c3435900b8fa3c61b6dd253fb331f76d43f8fea04406f5,49889,deposit(bytes32 _id),Ethereum,Ether,native,from,0xf9107317b0ff77ed5b7adea15e50514a3564002b,0x12d66f87a04a9e220743712ce6d9bb1b5616b8fc,0.1 Eth
33,0xb923c7b07ab01388ce38f9fe21acac28a1ce6eb11b7573eee76796a0a278e28d,0x08a39ae0b0da06fe824a65fa0a73c3126a82a0ba,0x47ce0c6ed5b0ce3d3a51fdb1c52dc66a7c3c2936,1601898098,859.0,1e+18,80000000000,0xb214faa51c66e97e2c35040526f33c2cbe91cfb514a615108f83d5195158b1acb755f9bc,972795,deposit(bytes32 _id),Ethereum,Ether,native,from,0x08a39ae0b0da06fe824a65fa0a73c3126a82a0ba,0x47ce0c6ed5b0ce3d3a51fdb1c52dc66a7c3c2936,1 Eth
34,0xbe5bd790ef3ff3a40bf67f2e53313e48dbe96e9c8cf86cc6796b479babcc7cf1,0x0de2d18d335ec5128204da6a0e2c37f1b1c563b3,0x47ce0c6ed5b0ce3d3a51fdb1c52dc66a7c3c2936,1582216998,18.0,1e+18,13000000000,0xb214faa50268a37daf58856e3b7670694f25442d1cce7443c07b519a62dbf3e62fbd583d,990519,deposit(bytes32 _id),Ethereum,Ether,native,from,0x0de2d18d335ec5128204da6a0e2c37f1b1c563b3,0x47ce0c6ed5b0ce3d3a51fdb1c52dc66a7c3c2936,1 Eth
35,0xc4e278fd44d3b93fb1eae64d047336d40c5f44bbf5045aa28a6194e67e6e920c,0x19e205de68a48bd872fc0caac877de27c1b37d3a,0x47ce0c6ed5b0ce3d3a51fdb1c52dc66a7c3c2936,1604741263,212.0,1e+18,21000000000,0xb214faa50dcbb6f611b0f928ea120d401590b008436c7a2b592800494ea344ab03409d31,972783,deposit(bytes32 _id),Ethereum,Ether,native,from,0x19e205de68a48bd872fc0caac877de27c1b37d3a,0x47ce0c6ed5b0ce3d3a51fdb1c52dc66a7c3c2936,1 Eth
36,0x37a8e9f6445dda2551746644505594737acee0430daf1e4264b0eca54619808a,0x2fa1859029a483defbb664bb6026d682f55e2fcd,0x47ce0c6ed5b0ce3d3a51fdb1c52dc66a7c3c2936,1588810668,81.0,1e+18,11000000000,0xb214faa5201b79fff624be1f05fb868a1ed469e0667f887286091f55fc17c61cf1e271f0,972795,deposit(bytes32 _id),Ethereum,Ether,native,from,0x2fa1859029a483defbb664bb6026d682f55e2fcd,0x47ce0c6ed5b0ce3d3a51fdb1c52dc66a7c3c2936,1 Eth
37,0x4c3f8243c577187ecdbea4baefebae70baaac11f7b219e0b9790a8ce418a9648,0x2fa1859029a483defbb664bb6026d682f55e2fcd,0x47ce0c6ed5b0ce3d3a51fdb1c52dc66a7c3c2936,1588810586,80.0,1e+18,11000000000,0xb214faa50dcb5438640053f70f7dab39bdbe5c1d17e488def7e47b84136a32747a4e3ae9,960967,deposit(bytes32 _id),Ethereum,Ether,native,from,0x2fa1859029a483defbb664bb6026d682f55e2fcd,0x47ce0c6ed5b0ce3d3a51fdb1c52dc66a7c3c2936,1 Eth
38,0x683648d5dcc62f2145f90a614b3744d8c1638e7606235f997844ce5b3a43b779,0x2fa1859029a483defbb664bb6026d682f55e2fcd,0x47ce0c6ed5b0ce3d3a51fdb1c52dc66a7c3c2936,1588810844,83.0,1e+18,11000000000,0xb214faa5282a8589d804c9dc10da164c0c49f822834c1b667b36802102757a825ef21f97,966887,deposit(bytes32 _id),Ethereum,Ether,native,from,0x2fa1859029a483defbb664bb6026d682f55e2fcd,0x47ce0c6ed5b0ce3d3a51fdb1c52dc66a7c3c2936,1 Eth
39,0x5085ec4d9dac8677b93e7b4cd2c677bff22691bda00b6111fefea36d14404b01,0x2fa1859029a483defbb664bb6026d682f55e2fcd,0x47ce0c6ed5b0ce3d3a51fdb1c52dc66a7c3c2936,1588810961,84.0,1e+18,11000000000,0xb214faa5108e2d82b37fa6ab38532ad14d155ce58f3cea72df4c3b6a5fd82e0a2f51e8da,960979,deposit(bytes32 _id),Ethereum,Ether,native,from,0x2fa1859029a483defbb664bb6026d682f55e2fcd,0x47ce0c6ed5b0ce3d3a51fdb1c52dc66a7c3c2936,1 Eth
40,0xb74166a19c5d45b6b6d980cc5b0250f6c7fe3341562ffa9022122d425861c3eb,0x2fa1859029a483defbb664bb6026d682f55e2fcd,0x47ce0c6ed5b0ce3d3a51fdb1c52dc66a7c3c2936,1588811026,85.0,1e+18,11200000000,0xb214faa503883cead88c82a9e37f378dfdae23a4c791f639cbf393220bf2905bb8000d8f,966875,deposit(bytes32 _id),Ethereum,Ether,native,from,0x2fa1859029a483defbb664bb6026d682f55e2fcd,0x47ce0c6ed5b0ce3d3a51fdb1c52dc66a7c3c2936,1 Eth
41,0xd24c6874080d248dbcd8c11ed928a1041a807f4f1488597d4685be958dd25314,0x2fa1859029a483defbb664bb6026d682f55e2fcd,0x47ce0c6ed5b0ce3d3a51fdb1c52dc66a7c3c2936,1588810772,82.0,1e+18,10200000000,0xb214faa519679850820cc046ac7ad1c8b57620fbb4070c4272416c0f91a3d9403de0809d,966887,deposit(bytes32 _id),Ethereum,Ether,native,from,0x2fa1859029a483defbb664bb6026d682f55e2fcd,0x47ce0c6ed5b0ce3d3a51fdb1c52dc66a7c3c2936,1 Eth
42,0xc3b8d4ff4b3dfad0f8e49963dea406b450906370cf9dcc69711abee4892deb6f,0x2fa1859029a483defbb664bb6026d682f55e2fcd,0x47ce0c6ed5b0ce3d3a51fdb1c52dc66a7c3c2936,1588811124,86.0,1e+18,11200000000,0xb214faa52e1937f9eea6ad8d4e931afabae5323d499c27cb25fb96f93cbb031ba9a7ba86,960979,deposit(bytes32 _id),Ethereum,Ether,native,from,0x2fa1859029a483defbb664bb6026d682f55e2fcd,0x47ce0c6ed5b0ce3d3a51fdb1c52dc66a7c3c2936,1 Eth
43,0x2f0b7ff4cb6bc92421550e8e72d71d25edada380437c385c6caedf09fdd2fc14,0x2fef65e4d69a38bf0dd074079f367cdf176ec0de,0x47ce0c6ed5b0ce3d3a51fdb1c52dc66a7c3c2936,1593969702,7480.0,1e+18,33000000000,0xb214faa51e9bd17baf30d5363f08a2f3937d194de0716e589bd49c04ef67166253cc3e54,984611,deposit(bytes32 _id),Ethereum,Ether,native,from,0x2fef65e4d69a38bf0dd074079f367cdf176ec0de,0x47ce0c6ed5b0ce3d3a51fdb1c52dc66a7c3c2936,1 Eth
44,0x2e083cce51362cf9c3d08bc40c57f0a046c2399e8166cb1db0f058e23af7f892,0x522b72f0963a33168a55c4ff3c699376c2c1041f,0x47ce0c6ed5b0ce3d3a51fdb1c52dc66a7c3c2936,1605536895,216.0,1e+18,45000000000,0xb214faa5039cb020ec55cdbdadd6e90352cfe1802438dcc88b33f34a19f4d1f661f4f7a2,990519,deposit(bytes32 _id),Ethereum,Ether,native,from,0x522b72f0963a33168a55c4ff3c699376c2c1041f,0x47ce0c6ed5b0ce3d3a51fdb1c52dc66a7c3c2936,1 Eth
45,0x47f5e6b0e9bfb745fac33c37a9645b4e96372dc6a47f5866d5ec5e2cad79865f,0x59be0bbbf79c7357ce83ff4f766e9eee54012857,0x47ce0c6ed5b0ce3d3a51fdb1c52dc66a7c3c2936,1605738223,16.0,1e+18,41000000000,0xb214faa51cc848ce5bacb8e30760424fe3403fa8886d02522489686442ed6fcc462e864a,972795,deposit(bytes32 _id),Ethereum,Ether,native,from,0x59be0bbbf79c7357ce83ff4f766e9eee54012857,0x47ce0c6ed5b0ce3d3a51fdb1c52dc66a7c3c2936,1 Eth
46,0xc004691c7f8856dc0c63c01bcb6e39f9a08ec0753a1ae413e988ca3f25fb0614,0x59be0bbbf79c7357ce83ff4f766e9eee54012857,0x47ce0c6ed5b0ce3d3a51fdb1c52dc66a7c3c2936,1606240424,22.0,1e+18,93000000000,0xb214faa5115ecda546e9a0eb437ec4ae8128a3e859315b53b3815499e034d1b3fa90efb2,949163,deposit(bytes32 _id),Ethereum,Ether,native,from,0x59be0bbbf79c7357ce83ff4f766e9eee54012857,0x47ce0c6ed5b0ce3d3a51fdb1c52dc66a7c3c2936,1 Eth
47,0xcdbca49e78c3c59682c78dc975158a6a03e7b1aa801eb18957140e5f74271979,0x59be0bbbf79c7357ce83ff4f766e9eee54012857,0x47ce0c6ed5b0ce3d3a51fdb1c52dc66a7c3c2936,1606240470,23.0,1e+18,93000000000,0xb214faa522cb880f53338c27edb87532a021c3c80ed19a5342065296f848d838777e960e,990519,deposit(bytes32 _id),Ethereum,Ether,native,from,0x59be0bbbf79c7357ce83ff4f766e9eee54012857,0x47ce0c6ed5b0ce3d3a51fdb1c52dc66a7c3c2936,1 Eth
48,0x20ae45dff49cd8e110882c95fd505f6d75ca75f1c0e408e7ef734335f52e67ae,0x59be0bbbf79c7357ce83ff4f766e9eee54012857,0x47ce0c6ed5b0ce3d3a51fdb1c52dc66a7c3c2936,1606521273,24.0,1e+18,15100000000,0xb214faa51ff4b957db2a166b492cb67f84b5c3a94c866a734cebc1e763777f3de2e7d611,960979,deposit(bytes32 _id),Ethereum,Ether,native,from,0x59be0bbbf79c7357ce83ff4f766e9eee54012857,0x47ce0c6ed5b0ce3d3a51fdb1c52dc66a7c3c2936,1 Eth
49,0x2dc024fd466a280961accf30f3905df6337cebf8b3e57dfc85c2d04929625624,0x59be0bbbf79c7357ce83ff4f766e9eee54012857,0x47ce0c6ed5b0ce3d3a51fdb1c52dc66a7c3c2936,1606521273,25.0,1e+18,20000000000,0xb214faa52450ea57cfa8da8c8fded017196547d81dc86e33595d7cce607365b4b39e8d02,955071,deposit(bytes32 _id),Ethereum,Ether,native,from,0x59be0bbbf79c7357ce83ff4f766e9eee54012857,0x47ce0c6ed5b0ce3d3a51fdb1c52dc66a7c3c2936,1 Eth
50,0x39301d99d9bbccba10312811445b94caba9d3b81bd9e43bd4c004557fcc40a84,0x6283511fc53c60c0a0a1848ac88ff46b5d2496ea,0x47ce0c6ed5b0ce3d3a51fdb1c52dc66a7c3c2936,1606324255,23.0,1e+18,69000000000,0xb214faa52f40779c11d813a3210d5b7039364853625d3cf6332a7eed2f74903a4475b13c,984611,deposit(bytes32 _id),Ethereum,Ether,native,from,0x6283511fc53c60c0a0a1848ac88ff46b5d2496ea,0x47ce0c6ed5b0ce3d3a51fdb1c52dc66a7c3c2936,1 Eth
51,0xfb3bd6b8d0520f99a8df1bd7394522c2452b027aae7dc83298f3dcbb9f874abd,0x68d36dcbdd7bbf206e27134f28103abe7cf972df,0x47ce0c6ed5b0ce3d3a51fdb1c52dc66a7c3c2936,1604171517,4994.0,1e+18,18096181818,0xb214faa5036f86726dbd1b7d8fc8eb397c010908855395030ee2fc6c2f3d944a8dfeed20,960979,deposit(bytes32 _id),Ethereum,Ether,native,from,0x68d36dcbdd7bbf206e27134f28103abe7cf972df,0x47ce0c6ed5b0ce3d3a51fdb1c52dc66a7c3c2936,1 Eth
52,0xa53f7a3e29fbb76f75ca2af41ee8939137e4c62e79a14f6f1212a29a073ad202,0x90730f29af95d15a3c722080c2799f897c32fe98,0x47ce0c6ed5b0ce3d3a51fdb1c52dc66a7c3c2936,1588871652,156.0,1e+18,15100000000,0xb214faa514c54a882f30d635a3c031f9ee08c91de6b897a7020abf347dd810471fc31d26,984611,deposit(bytes32 _id),Ethereum,Ether,native,from,0x90730f29af95d15a3c722080c2799f897c32fe98,0x47ce0c6ed5b0ce3d3a51fdb1c52dc66a7c3c2936,1 Eth
53,0x833507a8b1bb4eb7da8fa9e8339264849320aa4a477dabad8ec4a19f5e39aea1,0xabee5597eb23afde43f0b6654cd60ab8329556c7,0x47ce0c6ed5b0ce3d3a51fdb1c52dc66a7c3c2936,1603945324,189.0,1e+18,46000000000,0xb214faa51bd5c77ba5f23b0a118159148df9e0e5f598891a5e3e86033a3b158fb8391227,960979,deposit(bytes32 _id),Ethereum,Ether,native,from,0xabee5597eb23afde43f0b6654cd60ab8329556c7,0x47ce0c6ed5b0ce3d3a51fdb1c52dc66a7c3c2936,1 Eth
54,0x5928f547b6b70a3c6ef5c641afd4d4fffac837a7591e9dc57416ede521880850,0xba333f8ff556bf35d38e102a98daf1c5f6d9d708,0x47ce0c6ed5b0ce3d3a51fdb1c52dc66a7c3c2936,1594393192,2348.0,1e+18,44000000000,0xb214faa50af4526dc1ce54f42f1c59e51aa533e611501c7f4eac6a77deb969f72d10958e,978703,deposit(bytes32 _id),Ethereum,Ether,native,from,0xba333f8ff556bf35d38e102a98daf1c5f6d9d708,0x47ce0c6ed5b0ce3d3a51fdb1c52dc66a7c3c2936,1 Eth
55,0x4c3fc3691fb161e6e342caf6791d5e251d93232f039be5c4bea96bedc94ad6b7,0xba333f8ff556bf35d38e102a98daf1c5f6d9d708,0x47ce0c6ed5b0ce3d3a51fdb1c52dc66a7c3c2936,1594393342,2349.0,1e+18,44000000000,0xb214faa52314ede1d278503f85c54e957201c6001c544590a91907d4d4f6b033972d22e6,972783,deposit(bytes32 _id),Ethereum,Ether,native,from,0xba333f8ff556bf35d38e102a98daf1c5f6d9d708,0x47ce0c6ed5b0ce3d3a51fdb1c52dc66a7c3c2936,1 Eth
56,0x7aa02c7c141a49da1d5592b1f73450ca6485dc62cc0b7d8d13efcdaa792a3a96,0xc0d95fbb7bf19c7665a1c4042b683182b34e2150,0x47ce0c6ed5b0ce3d3a51fdb1c52dc66a7c3c2936,1596490395,157.0,1e+18,44000000000,0xb214faa5249767b0098d32e7dab78aea8a57fb279697a8a4cb8430c8eae29ff435fb6f32,978703,deposit(bytes32 _id),Ethereum,Ether,native,from,0xc0d95fbb7bf19c7665a1c4042b683182b34e2150,0x47ce0c6ed5b0ce3d3a51fdb1c52dc66a7c3c2936,1 Eth
57,0x625bde0326f71949bdb5afdff8b1eb5da522973b0c29710101d492ef5b36dd80,0xcf1e4c0455e69c3a82c2344648be76c72dbcda06,0x47ce0c6ed5b0ce3d3a51fdb1c52dc66a7c3c2936,1603656716,499.0,1e+18,21000000000,0xb214faa5176c7ab0fc03da1b5618719fa31012380727245881658bb33efc25686b8afd94,966887,deposit(bytes32 _id),Ethereum,Ether,native,from,0xcf1e4c0455e69c3a82c2344648be76c72dbcda06,0x47ce0c6ed5b0ce3d3a51fdb1c52dc66a7c3c2936,1 Eth
58,0x82879dadfea7b71f3d725e3521726f52877372651cc79d818f94ff7e07a15798,0xcf1e4c0455e69c3a82c2344648be76c72dbcda06,0x47ce0c6ed5b0ce3d3a51fdb1c52dc66a7c3c2936,1603657251,500.0,1e+18,22000000000,0xb214faa51f275235ced75b6c0cc7966c392ae3c654c42bedf0048c51b92335e5161c33ee,960979,deposit(bytes32 _id),Ethereum,Ether,native,from,0xcf1e4c0455e69c3a82c2344648be76c72dbcda06,0x47ce0c6ed5b0ce3d3a51fdb1c52dc66a7c3c2936,1 Eth
59,0x9da100e8173cc24f04d96312f5ee594dbe21ded8318f9ddb93c13100fb0442d7,0xd43f3716cbb9386352880a9bd52f7f07ac01752b,0x47ce0c6ed5b0ce3d3a51fdb1c52dc66a7c3c2936,1588492864,123.0,1e+18,8200000000,0xb214faa50945ed49d892b5f077b7a8aa139ae9a79c41295c8707323770a0fa5efadde15e,972795,deposit(bytes32 _id),Ethereum,Ether,native,from,0xd43f3716cbb9386352880a9bd52f7f07ac01752b,0x47ce0c6ed5b0ce3d3a51fdb1c52dc66a7c3c2936,1 Eth
60,0x1f7d9c1cd0b89251ccfefc597ec0ea23ffdd2ef0826599fcd103d226cff5f840,0xd43f3716cbb9386352880a9bd52f7f07ac01752b,0x47ce0c6ed5b0ce3d3a51fdb1c52dc66a7c3c2936,1603097285,219.0,1e+18,25000000000,0xb214faa502885e927841de06d68e2e234901bc027285f100dd933693db155f1197b8d9e2,960967,deposit(bytes32 _id),Ethereum,Ether,native,from,0xd43f3716cbb9386352880a9bd52f7f07ac01752b,0x47ce0c6ed5b0ce3d3a51fdb1c52dc66a7c3c2936,1 Eth
61,0xde081740eec8629df47c37b1d43f833158f51eb7e99c4d8cea42a718264d4b1d,0xec6e6c0841a2ba474e92bf42baf76bfe80e8657c,0x47ce0c6ed5b0ce3d3a51fdb1c52dc66a7c3c2936,1603121071,711.0,1e+18,59000000000,0xb214faa521919bee873fa12f375319754ea6d14d99ba55552c87ec831f485bd93a2e576b,966887,deposit(bytes32 _id),Ethereum,Ether,native,from,0xec6e6c0841a2ba474e92bf42baf76bfe80e8657c,0x47ce0c6ed5b0ce3d3a51fdb1c52dc66a7c3c2936,1 Eth
62,0xe469efe585d0f397d0d2c218d50bcffc5bd5f4c48c60aab4489cd6a5842cfffd,0xec7139879921b3682a1685e28b6da5a0b54a4336,0x47ce0c6ed5b0ce3d3a51fdb1c52dc66a7c3c2936,1602062817,331.0,1e+18,58000000000,0xb214faa507f9014e7054fb9515ff00f7875761f34efa2f96f580fc3425bba91312ac850f,966875,deposit(bytes32 _id),Ethereum,Ether,native,from,0xec7139879921b3682a1685e28b6da5a0b54a4336,0x47ce0c6ed5b0ce3d3a51fdb1c52dc66a7c3c2936,1 Eth
63,0xf00de49fca641e91184db4128e9f80436acc231b54d52a6cccfa2f8cd9d0171a,0xfa396090b4dfd2bd86bbf6de63635d6e390b5de1,0x47ce0c6ed5b0ce3d3a51fdb1c52dc66a7c3c2936,1577465407,70.0,1e+18,12000000000,0xb214faa51e09979bfc1d134c1a520d70d554107505f36d8f37361adbc076e3b8b0ee4670,1017335,deposit(bytes32 _id),Ethereum,Ether,native,from,0xfa396090b4dfd2bd86bbf6de63635d6e390b5de1,0x47ce0c6ed5b0ce3d3a51fdb1c52dc66a7c3c2936,1 Eth
64,0x151bdd73586646787e0ef85b2d129ce0445b2350fee2a9684ad75b65406a92f6,0x2fa1859029a483defbb664bb6026d682f55e2fcd,0x910cbd523d972eb0a6f4cae4618ad62622b39dbf,1588810523,79.0,1e+19,11000000000,0xb214faa50d10470c2358f8b49a4a6517f0d4e1633609c759a2fe785bc33c5494dec192b8,972795,deposit(bytes32 _id),Ethereum,Ether,native,from,0x2fa1859029a483defbb664bb6026d682f55e2fcd,0x910cbd523d972eb0a6f4cae4618ad62622b39dbf,10 Eth
65,0xdd6a32517f75bceb1c02dfbd01ff2c831c5f437ca4427808e6cc4b210727bfad,0x2fa1859029a483defbb664bb6026d682f55e2fcd,0x910cbd523d972eb0a6f4cae4618ad62622b39dbf,1588810404,78.0,1e+19,11000000000,0xb214faa51855b4f39ce01a61ff78c8be431448f760431e86b58bc5c9a4afca4757273743,978703,deposit(bytes32 _id),Ethereum,Ether,native,from,0x2fa1859029a483defbb664bb6026d682f55e2fcd,0x910cbd523d972eb0a6f4cae4618ad62622b39dbf,10 Eth
66,0xc73d3908d1e018c48497a71e60ea91e02a6b434fa4b87bb106ae5b3fba31073a,0x453dccc996adf27fa9fbbfe61318c116ad761177,0x910cbd523d972eb0a6f4cae4618ad62622b39dbf,1602176316,0.0,0.0,68000000000,0x21a0adb600000000000000000000000000000000000000000000000000000000000000e02fe74da95afb9e370929a971ef54d95f5d5731b2d5bfdeba302874deb57ec2a722afc3da2c312779ccb041863843c4feca7c4edf6d90866e70f6582aff2994b9000000000000000000000000eff89d8468646bd6f7e4ef8e4578ca59426f9a08000000000000000000000000eff89d8468646bd6f7e4ef8e4578ca59426f9a0800000000000000000000000000000000000000000000000000000000000000000000000000000000000000000000000000000000000000000000000000000000000000000000000000000000000000000000000000000000000000000000010018f8033bb6e383b624689cbbc15e1f96fdebef7fdbf3948d5d3f8c43fb2ae2e7243803151c904aa30c5a974051d63a9afd98fcfc5ff6abc1bf1adc0c39a13b740ea664121607fe5dca4ce623975cd0d45aa14bbd890e52f54d15dbc0749909ff01b240bedb8b418aa3d1fad19056fd096e3cc2b7432ff325a512c50394a3728f14d42af383531cfbb8abe10747eb92700d0b6f3753af0cfed9af0144a3f4ba7b2c63b95e58445cb53bb6178036152d3006db675f38253e7d5f8f0b9c0891d4471d3b8b8f685a85d4f1f28d4ac466b30ceefde1f493a695b5a221eb74827e406c1148c9b63442545dee8b0c0fe82c60f3e91c6fd990b041f68b8ec43a45d016f8,346796,"withdraw(bytes _proof, bytes32 _root, bytes32 _nullifierHash, address _recipient, address _relayer, uint256 _fee, uint256 _refund)",Ethereum,Ether,native,from,0x453dccc996adf27fa9fbbfe61318c116ad761177,0x910cbd523d972eb0a6f4cae4618ad62622b39dbf,10 Eth
67,0x0fdcec407571030302aa3474d6d7c43cdaddaa7818fa4f4af787b8370367caf9,0x8d286c2b4a09b877781aa500a3eba5a4d14fb7eb,0x910cbd523d972eb0a6f4cae4618ad62622b39dbf,1594546567,48.0,1e+19,21000000000,0xb214faa50088eac04deae888b5244258c0f7eddac96f703c19f39d813024aa047f70b47f,978691,deposit(bytes32 _id),Ethereum,Ether,native,from,0x8d286c2b4a09b877781aa500a3eba5a4d14fb7eb,0x910cbd523d972eb0a6f4cae4618ad62622b39dbf,10 Eth
68,0xc6d85e554f5b6feb3c9419ef02a3db70bcbea84e5d2b816d7cc4ab3a85e315a2,0xb2e19dd996848818d972dd3a60a1b7faffb82330,0x910cbd523d972eb0a6f4cae4618ad62622b39dbf,1600378308,362.0,1e+19,276000000000,0xb214faa517fd47ffde2cf293d6c4504900859571aaf3c5368d8bb55b90b6b8007fbe0200,949127,deposit(bytes32 _id),Ethereum,Ether,native,from,0xb2e19dd996848818d972dd3a60a1b7faffb82330,0x910cbd523d972eb0a6f4cae4618ad62622b39dbf,10 Eth
69,0x67f3c5382639041fa17436d968a30bf3ee587169f92ba99476df63299b8abda5,0x0d779d67a428457cabec145a0f94703d14cd496b,0xa160cdab225685da1d56aa342ad8841c3b53f291,1604015758,418.0,1e+20,39000000000,0xb214faa50ee0938c88331c0a65ba0fdb22dc7dbfd029e2328da69e16361e87b3c5133153,972795,deposit(bytes32 _id),Ethereum,Ether,native,from,0x0d779d67a428457cabec145a0f94703d14cd496b,0xa160cdab225685da1d56aa342ad8841c3b53f291,100 Eth
70,0x7b58fe7198ce2aac14be10fe0a29e4d7869e66a22b2b3b0c56699abc60ec5b7e,0x0d779d67a428457cabec145a0f94703d14cd496b,0xa160cdab225685da1d56aa342ad8841c3b53f291,1604015815,419.0,1e+20,42000000000,0xb214faa500180f0ef097f60976879fa2fd22255c66700f755c14db22b8077788a29c884d,966875,deposit(bytes32 _id),Ethereum,Ether,native,from,0x0d779d67a428457cabec145a0f94703d14cd496b,0xa160cdab225685da1d56aa342ad8841c3b53f291,100 Eth
71,0x0fbe7a369735d17181d7f257bd92c17b6f9cb375d37c1f71bf3a8de5ab6cf741,0x1ec594a869dc67d78fabc33963d3c6a0ab017dd6,0xa160cdab225685da1d56aa342ad8841c3b53f291,1597659277,428.0,1e+20,92000000000,0xb214faa512f433f52be2765a40e0aa112d61e5aac657129993b02b6b79609c8ffbeec15d,972795,deposit(bytes32 _id),Ethereum,Ether,native,from,0x1ec594a869dc67d78fabc33963d3c6a0ab017dd6,0xa160cdab225685da1d56aa342ad8841c3b53f291,100 Eth
72,0x2ec2c9bcb2552776675f1b618bbf81738d57d716af53fa65565c7fbfa0ff8497,0x1ec594a869dc67d78fabc33963d3c6a0ab017dd6,0xa160cdab225685da1d56aa342ad8841c3b53f291,1597659377,429.0,1e+20,97000000000,0xb214faa51f398166a6a8deefda660708849c84a70882732be9ff91f8f490cd20408c9d6d,966887,deposit(bytes32 _id),Ethereum,Ether,native,from,0x1ec594a869dc67d78fabc33963d3c6a0ab017dd6,0xa160cdab225685da1d56aa342ad8841c3b53f291,100 Eth
73,0x9b7a76858cc9ca49de2cb273e4a2e635e4b652019acfa08e3fa8fe2a48a28ec1,0x62051bfd3a4f7039a849142e6e5ea172cbda5949,0xd4b88df4d29f5cedd6857912842cff3b20c8cfa3,1598285598,212.0,0.0,128000000000,0xb214faa52663b0c705f1dc426207a6e965aebbd80a52b9f575fb517a55f8e7d22c2bd79f,1003512,deposit(bytes32 _id),Ethereum,Ether,native,from,0x62051bfd3a4f7039a849142e6e5ea172cbda5949,0xd4b88df4d29f5cedd6857912842cff3b20c8cfa3,100 Dai
74,0x53e455eb4028499613080fb7bd98048069d898594ff82d848017de68b6adb62e,0x1e27c17432abff8e314b421be50c63a42d3e95e0,0xfd8610d20aa15b7b2e3be39b396a1bc3516c7144,1611456084,2122.0,0.0,51000000000,0xb214faa508dc6dd11803393ae14de4e2406600484b9f3bd80e4c4a3cbcff74f54b6dac5e,1000316,deposit(bytes32 _id),Ethereum,Ether,native,from,0x1e27c17432abff8e314b421be50c63a42d3e95e0,0xfd8610d20aa15b7b2e3be39b396a1bc3516c7144,1k Dai
75,0x02d3248afbc3c7a0f69a243d7078a026e68740e222194bad75c0098460e35155,0x07687e702b410fa43f4cb4af7fa097918ffd2730,0x44bc008896076226ba6d5292721239b281ddf970,1645977039,363.0,10000.0,24921692244,,366756,,Ethereum,Dai Stablecoin,20,to,0x44bc008896076226ba6d5292721239b281ddf970,0x07687e702b410fa43f4cb4af7fa097918ffd2730,10k Dai
76,0x0eb4023bd604c8455ba645805a64bfeed02e32de1224a75dbdbb0cf77cb3b4e7,0x07687e702b410fa43f4cb4af7fa097918ffd2730,0x44bc008896076226ba6d5292721239b281ddf970,1645977128,364.0,10000.0,22204166799,,349680,,Ethereum,Dai Stablecoin,20,to,0x44bc008896076226ba6d5292721239b281ddf970,0x07687e702b410fa43f4cb4af7fa097918ffd2730,10k Dai
77,0x4c57e8cd48b129792fe0db25636c05a6ddce03387d77d823c3b480ad8a6eca7b,0x07687e702b410fa43f4cb4af7fa097918ffd2730,0x44bc008896076226ba6d5292721239b281ddf970,1650694964,373.0,10000.0,24662766495,,371328,,Ethereum,Dai Stablecoin,20,to,0x44bc008896076226ba6d5292721239b281ddf970,0x07687e702b410fa43f4cb4af7fa097918ffd2730,10k Dai
78,0x8cb02e9ae5c27ec0f9346aa60e36662413574c67584b3bf80dc2c2e945f5d162,0x169ad27a470d064dede56a2d3ff727986b15d52b,0x21985c3acb37fd288007b290b5a5bb5e6bbbd690,1656513645,159.0,54.98238,45782936619,,440385,,Ethereum,Tether USD,20,to,0x21985c3acb37fd288007b290b5a5bb5e6bbbd690,0x169ad27a470d064dede56a2d3ff727986b15d52b,100 USDT
79,0x5607c93ba2fc0814327af6f53b53923bcc747edc7b2bad41ae77d80188cdbdee,0x169ad27a470d064dede56a2d3ff727986b15d52b,0x3f0500b79c099dfe2638d0faf1c03f56b90d12d1,1602750994,2787.0,77.187086,80000000000,,361300,,Ethereum,Tether USD,20,to,0x3f0500b79c099dfe2638d0faf1c03f56b90d12d1,0x169ad27a470d064dede56a2d3ff727986b15d52b,100 USDT
80,0xdb5ea6e7a175dda3b9359910aaa5ebf3f70b5e2ab2534e57f5212ee15b7d8b5b,0x178169b423a011fff22b9e3f3abea13414ddd0f1,0x0c40bff248ed5d99d294ceca8826c7924f745134,1619556022,3439.0,0.09831973,58650000000,,399260,,Ethereum,Wrapped BTC,20,to,0x0c40bff248ed5d99d294ceca8826c7924f745134,0x178169b423a011fff22b9e3f3abea13414ddd0f1,0.1 wBTC
81,0x7bce45c79f340555a9c7e66116875cb56ad065a2448898db64c22687fefbfa93,0xfd8610d20aa15b7b2e3be39b396a1bc3516c7144,0x7a218b62ae9e23aac788979ead8be51258a3cbc5,1621903058,154.0,1000.0,46000000000,,395784,,Ethereum,Dai Stablecoin,20,to,0x7a218b62ae9e23aac788979ead8be51258a3cbc5,0xfd8610d20aa15b7b2e3be39b396a1bc3516c7144,1k Dai
82,0x9b7a76858cc9ca49de2cb273e4a2e635e4b652019acfa08e3fa8fe2a48a28ec1,0x62051bfd3a4f7039a849142e6e5ea172cbda5949,0xd4b88df4d29f5cedd6857912842cff3b20c8cfa3,1598285598,212.0,100.0,128000000000,,1003512,,Ethereum,Dai Stablecoin,20,from,0x62051bfd3a4f7039a849142e6e5ea172cbda5949,0xd4b88df4d29f5cedd6857912842cff3b20c8cfa3,100 Dai
83,0x53e455eb4028499613080fb7bd98048069d898594ff82d848017de68b6adb62e,0x1e27c17432abff8e314b421be50c63a42d3e95e0,0xfd8610d20aa15b7b2e3be39b396a1bc3516c7144,1611456084,2122.0,1000.0,51000000000,,1000316,,Ethereum,Dai Stablecoin,20,from,0x1e27c17432abff8e314b421be50c63a42d3e95e0,0xfd8610d20aa15b7b2e3be39b396a1bc3516c7144,1k Dai
