ClusterID,Address,ClusterSize
0,0x98c1d8a5cd2e6fa559ba6ae0680b388b799ac231,2
0,0x1d4b9b250b1bd41daa35d94bf9204ec1b0494ee3,2
1,0x2245aa1cd81344413a970d7efd8d49ac738c3a7b,2
1,0x3ee7a2741442cf024ad185d6757aa830c8b31e9d,2
2,0x986740c15007053c43702f69dc95b0e114ad7f30,2
2,0xd5a5a16f3dcae1b9fb55f94c8780bbbe8ef72f4a,2
3,0x01e73804f0d44a289d69930552bb408cafafa26d,2
3,0xc0d77bbc3aa2b8e74d89ee775828533eb35cff17,2
4,0x31e526401b645dd1c58c13bcf17976203a9585aa,2
4,0x0244b12a8c302f594a262d339adc3fefed16a7c8,2
5,0x028b0363ffd8c9dc545a4eb60c085177cd31436b,2
5,0x695cb15d501b4f9ca7a835e6493800d2c350c7cb,2
6,0x03e2c10b74a260f46ab5cf881938c5888a6142df,2
6,0xf4e2c4abd5eb497aecf640e9382d32fb83c118f0,2
7,0x040716834a0500e2ac7313f00baa52e8ff2a77fc,2
7,0xc2be5c1863688a8453bf79134adf3c7e9dfe28cc,2
8,0x0d779d67a428457cabec145a0f94703d14cd496b,3
8,0x0409b454db103199a9aee027f307b6a1cb830120,3
8,0xb419d6c355358a175c91c85bef776b5580925570,3
9,0xf07f6ecdcc8a624451cb55e0664b9c6e3a3ddd2d,2
9,0x04172ceb76fcae978c9503839725f89a37fa90ef,2
10,0x042dfd222025beb6a12a56417581025cd890e903,2
10,0xa4fe5ae07b33ca246757e747bedc6575f1b07fda,2
11,0xcab68f8a09d1fee8d78a0e27bc3d92e41b5f2d0c,2
11,0x04559c2ea16567279ea2659656400c9a3e750082,2
12,0x047d88fb98cb493385096dfba541e858713f2b66,2
12,0xf3f920843c1209463f24aa9ce606bca96c8a0255,2
13,0x209327b591aa003f4a7e3ae14d4e0e7198002c1a,2
13,0x04c1c15a1554891fb2dd7c4939e7d95d06ee253f,2
14,0x6d5e5ba88861df8dba0eb53ebad1ba89eb4b238b,4
14,0x86edb92e217605dbecf606548e48daaf1b817da1,4
14,0x50a83425d537e39a0b7f884dcc07e6f4f37a09f3,4
14,0x04e6e93513e4b73736d9d8bdd9a9599fc64026ca,4
15,0x0506d39effcaefbc632cbe72c36c4d64759a665f,2
15,0x3961178d550991bd4dbaccd3d685cd4d360c5d7e,2
16,0x051313b06e3c923fb7c8dc31526d90f009117811,2
16,0x091fe9f3de121a09b5c2f3cffea0bc914458cb92,2
17,0x055e84e4bbefeb43ae86f07a5e8197171e269270,2
17,0xee8f5dd980a661e734ba330005ded150d8226d3e,2
18,0x6b53d27ed12b5426bac92da370a3065124c7a0d6,71
18,0xe763a50710142b4053b9e628289949e08082cf65,71
18,0xe3478483a9a7ecd8cdde248ea43b48197b19e09e,71
18,0x9dc7f48f3c418e7f22042771a0cb18234192e939,71
18,0x8445165437cb63affb2f143378d0ec63e0249582,71
18,0xc183f0889e897a3ddeace022728eb8fe4971f04b,71
18,0xd6ebd7b8e94fd8f36c99beed7976b9fa096e4a39,71
18,0x0fc5b631fc452073dc5646f1a5cef6c7c4360511,71
18,0x8d4a025f44c0fc80e0647cf8480f9c937e059b23,71
18,0x2523821e4b9f849fa3f8b7dfc63218654c13a9ea,71
18,0xca9cbd376488dd77187e99864ba7ce1ff670cb69,71
18,0xd6c957f9a6411f35d01baae2658758f277408878,71
18,0x7e6d4810ea233d7588e3675d704571e29c4bcbba,71
18,0x4e40243efd7e849ebed0eb982a2bb99a8ac7bc07,71
18,0x8c976b2d3725fe86443a0d443f71ecbcf297e577,71
18,0x51777c0b8dba8b4dfe8a1c3d0a1edaa5b139b4e0,71
18,0xe2b6024873d218b2e83b462d3658d8d7c3f55a18,71
18,0x3b11ebe40a982de0029a612e427f48ce04502df8,71
18,0x859f90758860c1d4a0fc20e230020961a7b4c497,71
18,0x90a15b3d2a96ea5a146e648e257175af114f8e8a,71
18,0x1e93e534c5e26b01ed242410b43ae23dd0faa52b,71
18,0xb43f4cae539d1ebed4f80055f658ef129a6e82f7,71
18,0xdc13378dafca7fe2306368a16bcfac38c80bfcad,71
18,0xd5e9ef1cedad0d135d543d286a2c190b16cbb89e,71
18,0x0ae4ffdff57270c06e4751d1afa9efef8a5bdc9c,71
18,0x8967ad851ccbd4c1a2d57a128d3c606fcab29bad,71
18,0x8eabbd83ad0b6c9d743232020f14d5ae0e0b1829,71
18,0x474543b99438a978b39d39d8983723eb5ff9196b,71
18,0x8b51c1ba09ee33e7649cac62ccb6d0f410f5647a,71
18,0x0636211443e91468ee3657e1d7faede7059c4843,71
18,0x4b40c932f58343456af45b643a0b19cfd752d0a5,71
18,0x967fb0c36e4f5288f30fb05f8b2a4d7b77eaca4b,71
18,0xbd5b79d53d75497673e699a571afa85492a2cc74,71
18,0xec54b4bfbe1faca3c2e47a85f2630877d2c24e10,71
18,0xabd4f7008003dbc655482cee038ba3870014f82e,71
18,0x521b0fef9cdcf250abaf8e7bc798cbe13fa98692,71
18,0x338ad1918362025f34b3701dac1e9648e8e8268f,71
18,0xc8cce8cac93a010b02e3b7e4e083b0465b1d36f2,71
18,0x7533c4c1d881aaa75d4b039325866b2f8b8c5ec9,71
18,0x5ad9325ef546b42f2a185e27097239f071345b3c,71
18,0xa8856f1e510d8b6e0767b9d31f1b355aaa3bb0f8,71
18,0xf8d8e8dca72d41aba3e24518194e9eaf03fdda86,71
18,0xaabe0ecfaf9e028d63cf7ea7e772cf52d662691a,71
18,0x31e0a65b27553d6ade0b37191cee29ebbb63fbdb,71
18,0x478849da9c519ded12d04ec6e896af6adf3cdd73,71
18,0x4cd50f3c3d99a552f3ed1e6d24e2cef7db4e9269,71
18,0x13899a3922ba84e5359ace4a6d8dc14d6aa7d553,71
18,0x91e222ed7598efbcfe7190481f2fd14897e168c8,71
18,0x082f2a8ea1d8e3ee24c20d12452b7e851ad0d5dd,71
18,0xc1c9aeb53a8056ff06afd2bc8c3880b19fabcd99,71
18,0xd7143c420832c52db8f66b7622298f45fce7f465,71
18,0x598f8af1565003ae7456dac280a18ee826df7a2c,71
18,0x83e1384c5b94e89874ff4b13c0a7d52961940d2b,71
18,0x28fc4d5adc40fa57a324f4cfaac465e24ae3efba,71
18,0xde7f46df36ea937594eea1fb867d157b3d1ac132,71
18,0xaf0e126d11161fd002200e980103b78470e660e4,71
18,0x89229af0a0a800241c1a33f70809c156a58d19dd,71
18,0xfec33a90737254dcf9aa33188a11f32797197f93,71
18,0x05c351382db8d770207f319d96ac1184c3717ede,71
18,0xcf10cd8b5dc2323b1eb6de6164647756bad4de4d,71
18,0x36aedd6cca549b1f2a369e9ac2f9200db31d8c7a,71
18,0xa13e3b2eee863966c6703fe56ca60a4221c42cd6,71
18,0x7dc94d87e8ebcff020bbf403779d52d71fa1623c,71
18,0x6a35d29d8f63e4d8a8e5418be9342a48c4c8ef07,71
18,0x779ddb91a65cdd2a0f53e188783bef234125c5bb,71
18,0x5c4eab549a528bf15c47a01e174500010997235c,71
18,0xc4d8a4813a129835424b22856c19f044b2ecdacd,71
18,0xceb78fd0455b2d0e5fab82943d444fd68d91c4c4,71
18,0xe2be94b59a3a4aef2f66eb0dd73079da00315bf0,71
18,0x7a3891acf4f3b810992c4c6388f2e37357d7d3ab,71
18,0xfc435de6b338a4c4b94b8969e2fabcc1e7b0d475,71
19,0xcd28963c2e1bac48931931f77ea984770eb25304,2
19,0x06a910af804e981d2cd3e21d00a1bdd18667d9f0,2
20,0xbd23f82ee95e0ab4c46a062364b21eeeb3d58264,3
20,0x079bed9c31cb772c4c156f86e1cff15bf751add0,3
20,0x5ca960f46caacd53c2da4fcab6681d5cb4d44ce0,3
21,0x5bdc6239ec15ecc8a844fc47e6e215f387767777,2
21,0x07c2e376b18e8e4af49c0cd590d5bbc964a50222,2
22,0x7e7d56944f018bf483017748a61f57bbaf8d2a53,2
22,0x085b4d4d8b2206adee8a52301c7548796603926c,2
23,0xbd0b0c142045bb24e9b380f4f10ebaf4df5aec6a,2
23,0x0886e1fa22f7337a1d6b5224903036f311779c9f,2
24,0x0979f650741a26b724d4ffb5fa1923528965ee35,2
24,0xc341769884006b3c3d9342ed4766fa8df67d935e,2
25,0xdba129be5eaf3994cea25fa070a062e75eabfdc6,2
25,0x09e118729e59c8a4339609181357cb2a9bf2714a,2
26,0x0b13246c219014be1ebb3bfa78c260a8d5e95994,2
26,0x1f149885bb140f07ff88de2ac4d521bc27964c1b,2
27,0x5e90d41b890328a2ee66190645dc7e2e051e73e3,2
27,0x0c0b24776088342ee063567503c145cfaf5f3e12,2
28,0xe3cc3477912c4a0f4dce698521b9c145bfa2fffe,2
28,0x0c1af22b908dd578230e9b3678ba59e5bbad80f5,2
29,0x73d0f553427bef66920db3aba02ccfac08c3d0ef,2
29,0x0d35c117431e1918e4296f6188ea349c0f02dd9d,2
30,0x30b1f4bd5476906f38385b891f2c09973196b742,2
30,0x0f051a642a1c4b2c268c7d6a83186159b149021b,2
31,0x0f38d446d1228d853269124f26c869a877e7322f,2
31,0x2684a202a374d87bb321a744482b89bf6deaf8bd,2
32,0x0fe4739ed4cc3f1da905da59598e29eac179b5f3,2
32,0x56a578b57a90ffd94462908479cbf3bd13fcec41,2
33,0xf863045ffcddbba9970d65096119195aaa493d9d,2
33,0x100eb445c9a826fd85c8d4ec4d5aecda418a7a92,2
34,0x1292cdfeaef374016efbfa1cf36ae3da2f93e5b4,3
34,0x9f4132f6c4eff3433e06c120c6e04c0e40cf63cc,3
34,0xe0077298c95e40e838e539a92aedffa564f127cf,3
35,0x9cbe520aa4bfd545109026bb1fdf9ea54f476e5e,3
35,0x12b0d322949273e5d622ffb0cb387a3b75c0d2dd,3
35,0xfe2d424af0df49bb3316cb2e9f574b0d09cf98ad,3
36,0x447bf75eae662457aefcc6ee0533cfa1a78ace24,3
36,0x84de36e80d9a4bc5da6099d6b85d8da5844cd4ae,3
36,0x13936d1369dda5bd295d24bb69dae4e3c6586312,3
37,0x9ddac6c981572aa3f4ab7ffa3d64356d94093206,2
37,0x13c05994ad93e1a632920b030770d27c0fe2b18e,2
38,0x3743f1eb56fae1f19789cdc481a84f4c7ec49686,2
38,0x154620ddfdcd6ab15dd9c1682386debad1eef536,2
39,0xc76572e29c10b71c36f0996c5a779f149ada0447,2
39,0x16e52a6b034a46e4209060e4aca170b1457a86b3,2
40,0x16efdf4ef182a5b82221fed14f4c3996922d00e2,3
40,0xd00c4858bac0c732a145393d8a8a602f33b72590,3
40,0x9284a936a907a15429396346f99cc1c800f8af00,3
41,0x17e270780f638c6a866aa468448721f5c4ec3d57,2
41,0x3c429332b6a2ee805cbd4762151630bab9eac0ba,2
42,0x8f17e4345b5431e1cb7d975d22637728fbc89521,2
42,0x180280da1fdbf7a98e8db345ca29db269914935a,2
43,0x19f7902cb41f00fa040262107857b50777b9643d,2
43,0xa0ebf87de04ff8185575e59ec907ba1d329eb83a,2
44,0x1c696489f5deb9a67864fc01b61a367066efad2e,2
44,0xf4d0deb5cf7fde28d0062e5beb99e02e867c72c2,2
45,0x1d09efad7b5fb2364a6aae2d65a159d49c4353ed,2
45,0xe5dd995b4a941e96a0afe9c0994b1258645cbc42,2
46,0xa45cca41500f698737997375227da766ad38757d,2
46,0x1f246c3901d4e73346e5f72b673aee6138305888,2
47,0x2037e98b57c37e2094abdd677bd8da824cb9cc09,2
47,0x3952b6bcb2204c1f0e3a97d2dbff34d0f308c7aa,2
48,0x2211ea6d99266508920b54c7fc56422672b6bcbc,2
48,0x4b35b5e0a2972faad4dc4759313ef020cf844909,2
49,0xbee81318ad8e7e23f050192c4cc36c66c5047b0f,2
49,0x23aaab3d46e17b972b79240e43b4105c3617a277,2
50,0xa4cf2fbdb8c86492467787628dfa351c8d432929,2
50,0x2463a2a2986a3e87f3fd30af5e63526a6df051d4,2
51,0x30ce8f5d6616bcf2043c439ff921ec0977fef8ea,2
51,0x2469112bf8fc4453bee47d1739b06a4417b0aff7,2
52,0x247e0896706bb09245549e476257a0a1129db418,3
52,0x4a34d03130503961f656fb9d26c5aec511d8eccc,3
52,0x5ce213893956bbf4249a7f8a079331280065eec6,3
53,0xf75c775417884956cb2c227ff2b268b14451d244,5
53,0xee21886b9832912902c49a388c863deb9e72475a,5
53,0x24e6f9789c3bd57c621b9449c560ea1b68e42bae,5
53,0xd7c0f4bde5e826460b1021ef5ae183716a4b9b80,5
53,0x8160524c710b7f7b0ac09712c8c1656f36d7200d,5
54,0x24ed4e23c8c961c45ddcc400fe9fb8cb36ad8140,2
54,0x2e40d80bb0dd61daef3e6429394de99ffa89e264,2
55,0x260acf995a0ac5de6a398388e2b985e35c07bbab,2
55,0xdd2c4468fec725166a7813b626e2831bb2c12893,2
56,0x4f05d1aef4ecb0a1a28cade1889e3860ba81b61f,2
56,0x264cee4a17500f40f173fd87bd4a0bc8238ecef6,2
57,0x29519122d08771ca4c83c8e3fa981df18721f76d,2
57,0xbae426da5446af9841a180cd1c971feedd84f545,2
58,0x2960388ef9d7de59e37780d4d67c1833ee3e3aac,2
58,0x8d9349e1e1bdae57bb547ec7b3e6b88ab702585d,2
59,0x29f7635c7f898e9c557e8731b9bf3af0f93f7f3d,2
59,0x8415e8788e3d5261449f81f2e84fd292b9d10282,2
60,0x4d982788c01402c4e0f657e1192d7736084ae5a8,3
60,0x2b6247079ddd8e81b34093e911284253bd455ef6,3
60,0x3335cc8bda40fb5a5f8db1d0011dec98728d81e1,3
61,0x2b6da56ad670e1e3658db8496baaeabd747bcc55,2
61,0x8325fbebbf377214cf99a454d64418f39f1b50cb,2
62,0xe07b52cf21fbdfeee683ba05f86c22c804455fba,2
62,0x2bddf44d4ff723556ec49b80ff0a5506b021774f,2
63,0xaaadc5ecd1ae5d9a67d625c0021d9a59e01b3a89,2
63,0x2c33b1b0c111ac1dafc28aa8377941cf4302a66b,2
64,0x2f2a6f077d8edd63c6d7d1b7145c64450f5b76b7,2
64,0x4b50fc19c2f9cebcd459d0c384dae8db39fd05ae,2
65,0xf8ca804c154e3d0d8d6297cff343d5f7480b398a,2
65,0x307fb6afc47af461b10cc4703745b97c194c10e2,2
66,0x3098529f929c1ced32f06b8d3df47082597af7a8,2
66,0xa7c352cf8a453625fe207302f06ba5ff294cdbdb,2
67,0x78e0bd30d764cca366583eb5b08f9c9bbda10764,3
67,0x30aac0b2045abc7c5458b907e57450f2745393e9,3
67,0x6f2db05487a717d1b3569bbac85e0c828ae6ad24,3
68,0x5750443dc06a6b3ae4f416413ef8b99562b9da5a,2
68,0x30ba6c034a9bdcf6967b8890b6218ddbe5bb3758,2
69,0x52fa613b2097808e275356c6a174d0b767f8e0c4,2
69,0x31d0dfd048875e6bfc9db0a812a4dd5b2eaf0638,2
70,0x5f6cef5fdf2fde7a23e0d8152288fc715f82d574,2
70,0x3256eee232ac7a5ef354c85de2e968ae6b6790a8,2
71,0xab9f4d19f6f22b152153a1d701a1492255d79387,3
71,0xfb60a6266d598f150a3e3ca2ecc9e574e5ef6054,3
71,0x3298492ee2689911866ebb01a1774db060ad6a7c,3
72,0x336e92c2edaeebe50303b982628ed6cee82319a1,2
72,0x895be97bdb9f8a244c472b18ea96dee39ddf8fe5,2
73,0x83ac0e38c52231bf081196502e385f66eff49338,2
73,0x3549d2f4e4e676dd947426b0820a753c408cb779,2
74,0x3657e29b93f105bbf991a405b4f4f97acfb6edd5,2
74,0x9d7019e63e5cb0cbd2602166587fabdb0f0b527b,2
75,0x396b5cb168fc25bc628c45c9299ec3d1c684d019,2
75,0xf0bb55ab1920749786cfa02e855298e9286e1fd4,2
76,0x5fcf7fe3323117139d8f82aab7b403ac221b45f3,2
76,0x39e8f3b4c5ce25b6cde6beeac7f2aeebc07175a3,2
77,0x3a47c2445f49f544774f3ae7d90adb62c1463f10,2
77,0x9c37a91f913ddff03ce6f8bf59eeb4e6075a9704,2
78,0x3b25cb78b512ec009cb4b61e8dec487fd05bb286,2
78,0x6d2c642ca40013226691acc85315e3dcf1cafc9a,2
79,0x3f6b1d01b6823ab235fc343069b62b6472774cd1,2
79,0x545ee16a8264fd5e20e426c1a02f8cc1b68bff09,2
80,0x3fb38cee8d0ba7dcf59403a8c397626dc9c7a13b,2
80,0xe400a85a6169bd8be439bb0dc9eac81f19f26843,2
81,0x4238efc8f3de92b0a1f81c71a4ed56251b717610,2
81,0xea6dfcc1174eca57ee5e0d7fd288aa3f9e46febc,2
82,0x423f4767aed0db6da2977f95259eef137d76cafb,3
82,0xf6852df0c0a18ac3a4cb4b5d470895f86d3861ce,3
82,0xed498e75d471c3b874461a87bb7146453cc8175a,3
83,0x69846306d55f048ae3f154e07202fa40b903c11b,2
83,0x42b23bb838525d458f2b8109219ef45d229067b7,2
84,0x44c7d8fccaad3da269134272589ea7efb142ba1f,2
84,0x4375cce2441bd054a11d0628420918592537dd50,2
85,0x5e01d59dc16eeefd9ed71723bec4ae98f0df0dd3,2
85,0x44f74003c9c6a3ff51a6753902ca587be194569d,2
86,0x450dd1b357cf715e23a01c1da18c60a9ec9ebef5,2
86,0x6f0d30ee2bc8d381eefc23d5149fc9eee268321b,2
87,0x483d3972d5cc739e3f2225bf346a8057ccaf6cdc,2
87,0x62e1f8c0e3dcaba8ccd172605daa8f151dfae749,2
88,0xa813f78e3a60129218a0c0abca0fb6320c6c0d4f,2
88,0x48493cf5d4f5bbfe2a6a5498e1da6ab1b00c7d39,2
89,0xd607d781a1d4eccdb45101b9e9c11777b438c9da,2
89,0x4944303979b8d8da50cce0f1c145c715950a7abe,2
90,0xf48f0c7f06899629f5f4d0546905d233fc3198db,2
90,0x4b02952107f98055322d586346a81c211d502841,2
91,0x4eae159a20c53836ad06ce9927ad44859ba71422,2
91,0x95b02d902667dfc86721277a34a04261356ab53e,2
92,0x57544784e56372632df99231af9544446f2b04ee,2
92,0x4f4fab9a6e373dd3b87ca84158caaafe0dd6b98e,2
93,0x7420a38d2cf54bb1cab447e0362f8aa02b5f6da5,2
93,0x4f798ccfa1c72f29db9cf7bd019a08ba7e01bdd9,2
94,0x858343382132b9ab46c857a7d52fdbafc039f784,4
94,0x511a22cdd2c4ee8357bb02df2578037ffe8a4d8d,4
94,0xe7f78d2c9a9375153476834d2db32632384b01e1,4
94,0xffac7fd045303112fdb28e9dace8e1334ad324c0,4
95,0x6b758c75a78f9913ca75ebdf2114b337c3557f75,2
95,0x539ec5140b15aabe05b6ef939d5c850759034d2d,2
96,0x8fc2e87db46e107756d1363174f015d84178636d,3
96,0x55351d38a368a857e29dba232d9e20a309dacc3b,3
96,0xd6eff8f07caf3443a1178407d3de4129149d6ef6,3
97,0x553b8ded0d8b1aed054eb95172f165df8e885b72,2
97,0xb6d2ae193e5cdbeb3a431950e7123889df43ee53,2
98,0x959e86a2e090743724bc0591534c9997c4d3fa92,2
98,0x565d109c5d6967e34f54dd7ab0c9a8c341c3de8e,2
99,0x56cf9ecbf12a428cd1edea5800b1b9e448806ddd,2
99,0xf879ef7b2e40c0846833daf6502770753d09f202,2
100,0x570a62a978f372dd9ac163eb582a958102dccb43,2
100,0xd2172778f6132b2619dc07d71a0a0f068e0883c3,2
101,0x6563fac31ed73f8baf09a20cda263a07bb623931,2
101,0x58d39bd60c1616f252314285c31276bded5b95ef,2
102,0xedcb973c2b5050cf9c5103e5fb623ff3f36f42cf,3
102,0x66e5927c3d1cdb548ca30c9e81f5503a3d0ba03f,3
102,0x593407f7afa7490c5d8d23585394b95b833bdbb9,3
103,0xf5fdaa91b9bcbbde2e3626e4c4c817b34bd796f9,2
103,0x59b7424977f32e89800fc37bae67a7d4d15f2646,2
104,0xfc5c2d3aecb8db6e8b871ad2d6786cfcabe84a00,2
104,0x5c74efaa8ae95d2aedec1d0e4274b1ef4adf6ff3,2
105,0x5d26cf751dcbc47f62e10026fb0bd028223175dd,2
105,0xe042b644407d0d78194a931cb768fb67d8bc7b88,2
106,0xab45f68689ecf6b7927774529384b3c559153ce7,2
106,0x5e8ed59175b2c0c59f2f759de8860f49bad16cd2,2
107,0x6a6534bae16da340e2b420ba8b2ba87fe364f19b,2
107,0x5f388fadadbe3ff2980a97cc76e61683d9da169d,2
108,0x61285742540e1b92e3deef812e26e3e29a6e060e,2
108,0xc2e717c62c38f90cd6f436536b700185cb5e0815,2
109,0x614a61a3b7f2fd8750acaad63b2a0cfe8b8524f1,2
109,0x8919014b0f6746407ce40670737bf8aab96f8124,2
110,0xf78259d5a5aa9f792ac4ba4cbac0b0886a34568c,2
110,0x61ef4eeba319122c6d9d0c92cb42aefc67e5fee8,2
111,0xbda719c2fe7c7369085eed307f7e05b538028a1e,2
111,0x62502dce2f5b2b1e05c5f6dcb2ce5e7701f1a82f,2
112,0x6308e5d121c87911fd61407aaa81c264aa5507ed,2
112,0x83064b8490d039fead8eb8947bdf0e82f583eca7,2
113,0xb22f4191c21e1b094fef31596527e54dbbcf5fbc,2
113,0x66b1488a32e21f2d2757713d16facd9d25ec977c,2
114,0x6937e9ca9cf2a67eada9d4cbf7351c1f977433ea,2
114,0x7b952d144381a03b147e8f0d584bba017cacb3d1,2
115,0x6a348b5f79e6a37ba31d12b2189564c59844d6d9,2
115,0x8576c2e340fbe1e3ae1b6a952beba9c82af87da9,2
116,0x78d445e19a41615bebbd0dadca0afc6134b44b08,2
116,0x6a9647d4ccfc28fbdc7577b8286107fdef514366,2
117,0x73761e6c2a742a5c15b4dd9daf86c8b9daab0da6,2
117,0xd9d0120911ba8e617d1f7113ff5847815535c499,2
118,0xbbeec2733f441b144726f819d4d8dee82f65b4f2,2
118,0x765704ba0e0675a5a2a1916d23063e1fe299534d,2
119,0x7f70544dba066d7a2bffa0b7d2d64465f8927154,2
119,0xa989ab3dbd79b17aa0f3965446bf877e4490d776,2
120,0x7f8764c3e72401bf0d384a3a89773211730ecb24,2
120,0xa7ad5680b06c5f4447e9b09ae7b2b182f6ad80fe,2
121,0xcdf67b8abfd40a774cb8b735b54950fb45f279f3,2
121,0x802978f8f7bea8c6c072496c53d0e91e861194e5,2
122,0x827df9e9f73aa2035b7a6abc1ec44b56801791ce,2
122,0x83cbe1b588a7b1febbf806b68ac0c6da9deb69f7,2
123,0xd08790d088cb11759c219910c201dde4f97f0143,2
123,0x8760513f944be842ffb4888fde71cad1e2a394c3,2
124,0x876d9bb007ec7795c5bf887832220b5b43cc9cfb,2
124,0x9dab43bc15bd29cfe3030ca1b7edb3eeb9f3b6c1,2
125,0x87956abc4078a0cc3b89b419928b857b8af826ed,2
125,0x93a7c46443901c2ea2fc1263a4d076f470695d3a,2
126,0xd114d3d12494511dd0ce1791f093271d1d3e4fd4,2
126,0x8c84cd10cf62ee2a2103b09dbbcdd1a42eac2297,2
127,0x9b3f4f5a062a8c3dab9ca674839b8f06aec5d869,2
127,0x8f8b8c20385356cdeead35eacf30c3e866bafcf0,2
128,0xfa61a917133e27b5053fd4ae97e3910c9ca99f8c,2
128,0x8fbb8a98da1df1a3dc7d617a246a906531f38c6d,2
129,0x9027f0efeef6b2a44ea106b935ab145d3f0744e6,2
129,0x967b16517f215201ff832a630f3b046147fad2dc,2
130,0x9051c2a11a9d2405f4228db6aee00291f4c11bba,2
130,0xaa8d9f3398c6e727cd87e3b71ce1a3acdf8216ca,2
131,0x908410f8e18e5625fee2c81600302720a33696a4,2
131,0xecd357e1cf0bd94a155610a3ce485536f35105e4,2
132,0xa0ee5a798c7420ad32b2e4b34dffba07cf1ef3e2,2
132,0x91cbea8b5dd4efc87c8c14ee8323441357325bfe,2
133,0x9234ddbf27882ede952d66afc3504b8b9a0b25b1,2
133,0xf4e3c7f7129e777a3f93704aa615b3c88220ec8b,2
134,0x92c6e3bb69ff54183c6a8d6bdac4580a1c11e622,2
134,0xa613c5508a2e67339a033595ae25006e9e0d32cb,2
135,0x92f26b8be9cb0cd975ffed8076cb8cc93d654920,2
135,0xa5fe200655224ca4109e8bc0b29ccbbc1e1269b0,2
136,0xd59187859f581257504a48be864cd94ead9a9b96,2
136,0x93f5c71ab5216e6b0a25d11733805a07f8c492e7,2
137,0x9565361502656da980556f3b47d83a65794d1d5f,2
137,0xc67fbb1fd4dc8bccb340fde1737230e6d84a974d,2
138,0x95a770c06594a33b5930ab8a2e55cd5c7f930cfa,2
138,0xf7264af64812adbcdba5c61a00f8910868d848d8,2
139,0x9e787c97b023a322b9b842476fb4c62df897f591,2
139,0x99a8220874c0ca868eb628b92be11375ccef11d8,2
140,0x9a2ad0035c0899d72ecdff5d2fede1269526de5d,2
140,0xb61ce2b4347bf9a028611f98dbdc8658a47457a2,2
141,0x9c866d72f592fcd2ab69614e0dab8cd95e16d7cc,2
141,0xbc89a84d19419cf4bc0483595deb825d00d8c2ea,2
142,0x9fba7c71f7a502799a1f2fa462fb7b30c2ca5d8e,2
142,0xf0a00220205939c5d21933058e9ddd00e9b936c5,2
143,0xf179344bbec75ad4522bd6b2c780b2e13b3469a2,2
143,0xa01424b7540adbb792375dcf97b733a5d68ad347,2
144,0xa2843d7efb5b773a38a344261a87175682178647,2
144,0xdacd8e007780a9e2aeb82ececd4ed24c349e3dd0,2
145,0xa2cec221294e6d65cdc83faf8767cdb2af6299bc,2
145,0xc41bcb7593d34410fcf2496503508f8aa747cd03,2
146,0xa4244f6711052752e6bb0271bf17c756e6598406,2
146,0xd2d950cea649feef4d6111c18adbd9a37b3a9f63,2
147,0xa8d2166540dfe187e78ff093b1c7d1d02154528f,2
147,0xb0a98f65d6e67c112295d9dbdda6c2f8c7cc7378,2
148,0xa9cbd47f3d0a0c8ada5a932bbd61f732d63c1aae,2
148,0xaa2539b6c97fa0543be04ddc6463319bb383f80b,2
149,0xac696befb95b16b302f7befd2e6052b162a9fa0e,2
149,0xac077477dc36a6e4cdf27ec229920e81136e5a33,2
150,0xadd36e3c697ad0e38a4a85cbbdb4265cc5dd37b0,2
150,0xae1c671754d6d8216dbc4e8fb7a616e903048605,2
151,0xb13c38273e001f0427c26f15b79b57db90606a91,2
151,0xc0d95fbb7bf19c7665a1c4042b683182b34e2150,2
152,0xb59da3a5fa2fab1e8aae5cb352146b3b02f53578,2
152,0xfbdcc999c7951bf2a57ef6b4c149acbe9d363488,2
153,0xb635c0c3aab6c6a29413a95be77581bbea6968af,2
153,0xdfb31c960a9da20817396d620b48438f6b19a7c6,2
154,0xb84a18fc0cc6a85471901df54fe98b14582273bf,2
154,0xbba35f9b4ddca8b7267bd2ec3240c4563764a330,2
155,0xbc419b42e80403e0f3af04c4b4dfc581e18a3be3,2
155,0xfd424052b5fce702d17bf0658016acb849eb56f4,2
156,0xcbcbe4c725f25baa22982d440e2d09603962b31b,2
156,0xc04ce1d0603d8b951de33c926f092deb27f5ddfc,2
157,0xd94bb634c263802768fad43697b17546279d2099,2
157,0xc066e7529fe0020249fe404854adbc0740c9349b,2
158,0xe0a46c097c698e8b14a61b6e9690fa1821aed880,2
158,0xcdd2ead3fe27f9832e6cad2a76e1f4fcd7c0e6bc,2
159,0xd42ce5ab59007b2b8de420d1c9712c32ae93bc0f,2
159,0xd4f1cab694c4424c4796549edbb9b489789f4df5,2
160,0xd83682d4818d6d044ce613a19f605c2af7ab6729,2
160,0xdb1ac1d3cacf1bb80e3597bb0ee3caf52d266dfa,2
161,0xdb0db8a93eecafd73da99cf851e63feda43f35b7,2
161,0xdb45cf5eac5dc3d59e0877c8995ac35b9d541811,2
