ClusterID,Address
0,0x00a2ddfa736214563cea9aef5100f2e90c402918
0,0xf39fd6e51aad88f6f4ce6ab8827279cfffb92266
1,0xcc8c097cc2331eef50074bf69f7ed26e7896d48b
1,0x0d8b20431c12f6b9f8b9eeea14aaaf0bf5b98f10
1,0x77a2378515656f613d7fb347da84530d15d76ab2
2,0x14c9b847ede1c5a20e86f37aacfa4a167f59a119
2,0x10885d398a327e413e0f59ad8b41339e0ff18ff2
3,0x115af9c5dd8a417bee76868d2fea6d47d92e7e4c
3,0x33c8a9d99885b63af71fa2bf6ac396d8ae2f8918
4,0x8760513f944be842ffb4888fde71cad1e2a394c3
4,0xd08790d088cb11759c219910c201dde4f97f0143
4,0x41603ae310299d2cd5367e17825c530c7a87e47d
5,0x4dfc595c489dc7cb5291b69c29ff1f518ec0f668
5,0x440d161011b52b0a041abe91dbefb3393d7153f7
7,0xc7a51f962c1b1498cc9f139d6e523be40ea28385
7,0x61af372b685e91db552aefd23220533f0843fd4a
7,0x969d6811c0986e0a047236cc06fb9aa31b600482
8,0xaeadc5ee006f576de6a662a09ff000ab9d57cd73
8,0x69a7c62974475f2a5af5006bc219e9a62098f714
9,0xa96cbc4c3651b25aebf9ec28d478781bc366bac7
9,0x735e394975f633c9fe2f71308feba4dbb25d1cb4
10,0x8bb436d0a44d39f376723c666a0aa6ff44c4e404
10,0x71b81e78f08c3f2d799e3c1d5d4ce877ab0c8804
11,0x40b8a9455bf0d189b6e4d611abae7cbdf0aa6a7f
11,0xad548a12a432edff4c722ab934a34b321e9ad4a0
12,0xcf10cd8b5dc2323b1eb6de6164647756bad4de4d
12,0x249ec93d3e361169c80551347a37753bf4a9361e
13,0x9c5cb9380a7ba9661ca3e2e95ffb0823a130c614
13,0x4fd63ec679326364813321c8fd2c2b412fbd4899
14,0x8d980b3f2f25e84bde1d1f3446c0292642efed13
14,0x6401f5b9f88c489495fb95ba7aa4276a353bebb8
15,0x6a7e35fe807dd2c00df3a915edaff42896005da1
15,0x8788512b8e41cb892966181dad61e14c3e3703e8
16,0x87956abc4078a0cc3b89b419928b857b8af826ed
16,0xe4d3ba99ffdae47c003f1756c01d8e7ee8fef7c9
